asin,url,title,price,rating,review_count,description,features,details,variations,images,brand,crawl_date
B0B45LL4DD,https://www.amazon.com/dp/B0B45LL4DD,"Beauty of Joseon Revive Eye Serum with Retinal Niacinamide Correction for Puffy Eye Bags Fine Lines Dark Circles Wrinkles, Korean Skin Care 30ml, 1 fl.oz",16.99,4.3,9245,"About this item
Ginseng and Retinol Synergy: Experience the power of ginseng and retinol working in perfect harmony. This serum is a tribute to age-old Korean beauty wisdom, bringing you the best of nature's rejuvenating elements.
Youthful Radiance: Unveil brighter, more youthful eyes as the serum addresses fine lines, wrinkles, and signs of fatigue. Let the potent blend of ingredients breathe life into your skin, leaving you with a radiant and revitalized gaze.
Key Ingredients: Ginseng Extract for skin elasticity and protection, Retinal for reduction of wrinkles and Niacinamide for brightness
Deep Hydration: Ginseng root extract deeply moisturizes, maintaining skin vitality. Unveil well-nourished, age-defying skin with lasting moisture.
Great Gift: Perfect for grand parents, moms, dads, girlfriends and boyfriends as a birthday gift and event for special occasions. Present your loved ones with this eye cream serum.","[""Ginseng and Retinol Synergy: Experience the power of ginseng and retinol working in perfect harmony. This serum is a tribute to age-old Korean beauty wisdom, bringing you the best of nature's rejuvenating elements."", ""Youthful Radiance: Unveil brighter, more youthful eyes as the serum addresses fine lines, wrinkles, and signs of fatigue. Let the potent blend of ingredients breathe life into your skin, leaving you with a radiant and revitalized gaze."", ""Key Ingredients: Ginseng Extract for skin elasticity and protection, Retinal for reduction of wrinkles and Niacinamide for brightness"", ""Deep Hydration: Ginseng root extract deeply moisturizes, maintaining skin vitality. Unveil well-nourished, age-defying skin with lasting moisture."", ""Great Gift: Perfect for grand parents, moms, dads, girlfriends and boyfriends as a birthday gift and event for special occasions. Present your loved ones with this eye cream serum.""]","{""Product Dimensions"": ""1.06 x 1.26 x 6.26 inches; 1.76 ounces"", ""Item model number"": ""JSMS01-I"", ""Manufacturer"": ""GREEN COS Co., Ltd."", ""ASIN"": ""B0B45LL4DD"", ""Best Sellers Rank"": ""#151 in Beauty & Personal Care (See Top 100 in Beauty & Personal Care)\n#1 in Eye Treatment Serums"", ""Customer Reviews"": ""4.3\n(9,245)""}",[],"[""https://m.media-amazon.com/images/I/31ZNIWikbtL.jpg"", ""https://m.media-amazon.com/images/I/415bYG1XH+L.jpg"", ""https://m.media-amazon.com/images/I/51tRDrUINrL.jpg"", ""https://m.media-amazon.com/images/I/41lLagZJSuL.jpg"", ""https://m.media-amazon.com/images/I/41OHNYcUJvL.jpg"", ""https://m.media-amazon.com/images/I/41NBzZTCzPL.jpg"", ""https://m.media-amazon.com/images/I/513Wzpo-b4L.jpg""]",,2025-04-15 17:38:03
B0CTC25796,https://www.amazon.com/dp/B0CTC25796,"Beauty of Joseon Revive Eye Serum with Retinal Niacinamide Correction for Puffy Eye Bags Fine Lines Dark Circles Wrinkles, Korean Skin Care 30ml, 1 fl.oz, 2 Packs",16.99,4.3,9245,"About this item
Ginseng and Retinol Synergy: Experience the power of ginseng and retinol working in perfect harmony. This serum is a tribute to age-old Korean beauty wisdom, bringing you the best of nature's rejuvenating elements.
Youthful Radiance: Unveil brighter, more youthful eyes as the serum addresses fine lines, wrinkles, and signs of fatigue. Let the potent blend of ingredients breathe life into your skin, leaving you with a radiant and revitalized gaze.
Key Ingredients: Ginseng Extract for skin elasticity and protection, Retinal for reduction of wrinkles and Niacinamide for brightness
Deep Hydration: Ginseng root extract deeply moisturizes, maintaining skin vitality. Unveil well-nourished, age-defying skin with lasting moisture.
Great Gift: Perfect for grand parents, moms, dads, girlfriends and boyfriends as a birthday gift and event for special occasions. Present your loved ones with this eye cream serum.","[""Ginseng and Retinol Synergy: Experience the power of ginseng and retinol working in perfect harmony. This serum is a tribute to age-old Korean beauty wisdom, bringing you the best of nature's rejuvenating elements."", ""Youthful Radiance: Unveil brighter, more youthful eyes as the serum addresses fine lines, wrinkles, and signs of fatigue. Let the potent blend of ingredients breathe life into your skin, leaving you with a radiant and revitalized gaze."", ""Key Ingredients: Ginseng Extract for skin elasticity and protection, Retinal for reduction of wrinkles and Niacinamide for brightness"", ""Deep Hydration: Ginseng root extract deeply moisturizes, maintaining skin vitality. Unveil well-nourished, age-defying skin with lasting moisture."", ""Great Gift: Perfect for grand parents, moms, dads, girlfriends and boyfriends as a birthday gift and event for special occasions. Present your loved ones with this eye cream serum.""]","{""Package Dimensions"": ""6.81 x 2.99 x 1.14 inches; 3.84 ounces"", ""Manufacturer"": ""GREEN COS Co., Ltd."", ""ASIN"": ""B0CTC25796"", ""Best Sellers Rank"": ""#156 in Beauty & Personal Care (See Top 100 in Beauty & Personal Care)\n#1 in Eye Treatment Serums"", ""Customer Reviews"": ""4.3\n(9,245)""}",[],"[""https://m.media-amazon.com/images/I/31qr6t6tgnL.jpg"", ""https://m.media-amazon.com/images/I/31SqabHsufL.jpg"", ""https://m.media-amazon.com/images/I/41GCzPXRb6L.jpg"", ""https://m.media-amazon.com/images/I/41lLagZJSuL.jpg"", ""https://m.media-amazon.com/images/I/51tRDrUINrL.jpg"", ""https://m.media-amazon.com/images/I/41NBzZTCzPL.jpg"", ""https://m.media-amazon.com/images/I/41OHNYcUJvL.jpg""]",,2025-04-15 17:38:59
B09DLFCB69,https://www.amazon.com/dp/B09DLFCB69,Beauty of Joseon Glow Deep Serum Rice + Alpha-Arbutin,16.99,4.4,5132,"About this item
Radiant Revelation: Unveil the beauty secrets of Joseon with the Glow Deep Serum, a meticulously crafted blend of rice and alpha-arbutin for unparalleled radiance. Address dark spots, discoloration, and acne scars with a powerful formula enriched with rice and alpha arbutin.
Korean Skincare Essential: Elevate your skincare routine with the Beauty of Joseon Glow Deep Serum, a commitment to timeless k-beauty secrets that unlocks the path to glowing, flawless skin.
Key Ingredients: Rice Water 68%: Moisturizing, hydration and glowing. Alpha-Albutin 2%: Radiance, dark spots, skin protection and pigmentation. Niacinamide: Skin tone, skin barrier and acne care.
Deep Hydration, Rice Bran: Rice bran water moisturizes, enhances suppleness. Experience intense hydration alongside pigmentation correction for ultimate skin health.
Tackle Skin Concerns: Suited for all skin types, even sensitive. Tackle uneven tone, dark spots, and dryness. Reveal luminosity and confidence in your skin's journey.","[""Radiant Revelation: Unveil the beauty secrets of Joseon with the Glow Deep Serum, a meticulously crafted blend of rice and alpha-arbutin for unparalleled radiance. Address dark spots, discoloration, and acne scars with a powerful formula enriched with rice and alpha arbutin."", ""Korean Skincare Essential: Elevate your skincare routine with the Beauty of Joseon Glow Deep Serum, a commitment to timeless k-beauty secrets that unlocks the path to glowing, flawless skin."", ""Key Ingredients: Rice Water 68%: Moisturizing, hydration and glowing. Alpha-Albutin 2%: Radiance, dark spots, skin protection and pigmentation. Niacinamide: Skin tone, skin barrier and acne care."", ""Deep Hydration, Rice Bran: Rice bran water moisturizes, enhances suppleness. Experience intense hydration alongside pigmentation correction for ultimate skin health."", ""Tackle Skin Concerns: Suited for all skin types, even sensitive. Tackle uneven tone, dark spots, and dryness. Reveal luminosity and confidence in your skin's journey.""]","{""Product Dimensions"": ""3.9 x 3.1 x 1.6 inches; 2.4 ounces"", ""Item model number"": ""8809738312728"", ""Manufacturer"": ""Beauty of Joseon"", ""ASIN"": ""B09DLFCB69"", ""Best Sellers Rank"": ""#1,046 in Beauty & Personal Care (See Top 100 in Beauty & Personal Care)\n#31 in Facial Serums"", ""Customer Reviews"": ""4.4\n(5,132)""}",[],"[""https://m.media-amazon.com/images/I/31bNZ1wmTfL.jpg"", ""https://m.media-amazon.com/images/I/51XZYC5maAL.jpg"", ""https://m.media-amazon.com/images/I/516mE0Lq9xL.jpg"", ""https://m.media-amazon.com/images/I/51gfTBJ4d7L.jpg"", ""https://m.media-amazon.com/images/I/41gqBIS449L.jpg"", ""https://m.media-amazon.com/images/I/41UIxjKFDfL.jpg"", ""https://m.media-amazon.com/images/I/41NMBd42P2L.jpg""]",,2025-04-15 17:39:55
B0B3R1R2DG,https://www.amazon.com/dp/B0B3R1R2DG,"Beauty of Joseon Revive Snail Mucin Ginseng Serum Hydrating Peptide Facial Moisturizer Dark Spot Acne Scar Remover for Sensitive Face. Korean Skin Care for Men and Women, 30ml, 1fl. oz",16.99,4.5,1906,"About this item
Revitalize Your Skin: Beauty of Joseon Revive Serum Ginseng+Snail Mucin combines snail mucin and ginseng for a powerful skincare experience.
Youthful Radiance: Address acne scar and achieve deep hydration with this serum, leaving your skin plump and visibly youthful.
Versatile Skincare: Snail mucin, ginseng and peptide-rich formula care the skin's barrier, making it suitable for dry, acne-prone skin. Corrects dark spots for an even complexion.
Great Gift: Perfect for grand parents, moms, dads, girlfriends and boyfriends as a birthday gift and event for special occasions. Present your loved ones with this ginseng cleansing oil korean skincare.
""Comprehensive Solution: Use it as a makeup line, snail mucin moisturizer, or eye cream. Lightweight texture absorbs quickly, suitable for all skin types.","[""Revitalize Your Skin: Beauty of Joseon Revive Serum Ginseng+Snail Mucin combines snail mucin and ginseng for a powerful skincare experience."", ""Youthful Radiance: Address acne scar and achieve deep hydration with this serum, leaving your skin plump and visibly youthful."", ""Versatile Skincare: Snail mucin, ginseng and peptide-rich formula care the skin's barrier, making it suitable for dry, acne-prone skin. Corrects dark spots for an even complexion."", ""Great Gift: Perfect for grand parents, moms, dads, girlfriends and boyfriends as a birthday gift and event for special occasions. Present your loved ones with this ginseng cleansing oil korean skincare."", ""\""Comprehensive Solution: Use it as a makeup line, snail mucin moisturizer, or eye cream. Lightweight texture absorbs quickly, suitable for all skin types.""]","{""Product Dimensions"": ""1.73 x 1.73 x 3.78 inches; 2.4 ounces"", ""Item model number"": ""8809738316139"", ""UPC"": ""889810315838"", ""Manufacturer"": ""BEAUTY OF JOSEON"", ""ASIN"": ""B0B3R1R2DG"", ""Best Sellers Rank"": ""#4,278 in Beauty & Personal Care (See Top 100 in Beauty & Personal Care)\n#108 in Facial Serums"", ""Customer Reviews"": ""4.5\n(1,906)""}",[],"[""https://m.media-amazon.com/images/I/3183ibwtRzL.jpg"", ""https://m.media-amazon.com/images/I/41bP2cUlOtL.jpg"", ""https://m.media-amazon.com/images/I/41URP68+h3L.jpg"", ""https://m.media-amazon.com/images/I/41URP68+h3L.jpg"", ""https://m.media-amazon.com/images/I/41mTN6CP6CL.jpg"", ""https://m.media-amazon.com/images/I/41kQU-W243L.jpg"", ""https://m.media-amazon.com/images/I/41IXhG2gZaL.jpg""]",,2025-04-15 17:40:52
B0BBQZVQS3,https://www.amazon.com/dp/B0BBQZVQS3,"Beauty of Joseon Calming Serum Green Tea Panthenol Soothing, Moisturizing Sensitive, Acne-Prone, UV Irritated Skin, Daily Korean Skin Care for Men and Women, 30ml 1 fl.oz",16.89,4.5,851,"About this item
Soothing & Calming: Indulge in the calming embrace of Mugwort and Green Tea, specially formulated to soothe even the most sensitive skin, providing a tranquil and relaxing effect.
Hydration Boost: Immerse your skin in a surge of moisture with the power of Green Tea, Mugwort, and Panthenol, leaving it plump and rejuvenated.
Glowing Complexion: Experience a radiant glow as the serum revitalizes and energizes your skin, unveiling a natural and healthy luminosity.
Timeless Beauty: Harness the timeless beauty inspired by centuries of oriental wisdom, as this serum combines natural ingredients for a skincare ritual that is both effective and rooted in tradition.
Great Gift: Perfect for grand parents, moms, dads, girlfriends and boyfriends as a birthday gift and event for special occasions. Present your loved ones with this ginseng cleansing oil korean skincare.","[""Soothing & Calming: Indulge in the calming embrace of Mugwort and Green Tea, specially formulated to soothe even the most sensitive skin, providing a tranquil and relaxing effect."", ""Hydration Boost: Immerse your skin in a surge of moisture with the power of Green Tea, Mugwort, and Panthenol, leaving it plump and rejuvenated."", ""Glowing Complexion: Experience a radiant glow as the serum revitalizes and energizes your skin, unveiling a natural and healthy luminosity."", ""Timeless Beauty: Harness the timeless beauty inspired by centuries of oriental wisdom, as this serum combines natural ingredients for a skincare ritual that is both effective and rooted in tradition."", ""Great Gift: Perfect for grand parents, moms, dads, girlfriends and boyfriends as a birthday gift and event for special occasions. Present your loved ones with this ginseng cleansing oil korean skincare.""]","{""Product Dimensions"": ""3.15 x 1.57 x 3.94 inches; 1.06 ounces"", ""Item model number"": ""8809738316412"", ""ASIN"": ""B0BBQZVQS3"", ""Best Sellers Rank"": ""#7,385 in Beauty & Personal Care (See Top 100 in Beauty & Personal Care)\n#172 in Facial Serums"", ""Customer Reviews"": ""4.5\n(851)""}",[],"[""https://m.media-amazon.com/images/I/4130Zk4cedL.jpg"", ""https://m.media-amazon.com/images/I/21zu5HR8i1L.jpg"", ""https://m.media-amazon.com/images/I/31Y6R4x4-wL.jpg"", ""https://m.media-amazon.com/images/I/31tZsa9qHQL.jpg"", ""https://m.media-amazon.com/images/I/419ux0HPS6L.jpg"", ""https://m.media-amazon.com/images/I/41FA9n3BKnL.jpg"", ""https://m.media-amazon.com/images/I/41OLvn9LIWL.jpg""]",,2025-04-15 17:42:33
B08WJQ3XJD,https://www.amazon.com/dp/B08WJQ3XJD,"Beauty of Joseon Dynasty Cream Hydrating Face Moisturizer for Dry, Sensitive Skin, Korean Skincare for Men and Women 50ml, 1.69 fl.oz.",16.99,4.5,3879,"Long Lasting Hydration, All Day Long: With a unique blend of 2% niacinamide and 2% squalane, Dynasty Cream expertly maintains your skin's oil-moisture balance. Immerse your skin with Dynasty Cream. Specially formulated to address dry skin, this Korean moisturizer reigns supreme in hydrating your face.
Radiant Dewy Complexion: Dynasty Cream stands out with its luxuriously dense and firm texture, a hallmark of Beauty of Joseon's creams. This proprietary texture offers more than just moisture; it delivers a dewy, radiant finish to your skin.
All-in-One Solution: Dynasty Cream isn't just any moisturizer – it's your complete skincare solution. Packed with multiple benefits, it balances oil and moisture, protects from external elements, and enhances your skin's radiance. Experience the power of an all-in-one cream that simplifies your skincare routine while delivering remarkable results.
Double Moisturizer: Revel in the dual-action benefits of our Dynasty Cream. This facial moisturizer not only hydrates your facial skin, but also extends its nurturing touch to your delicate eye area.
Great Gift: Perfect for grand parents, moms, dads, girlfriends and boyfriends as a birthday gift and event for special occasions. Present your loved ones with this dynasty cream korean skincare.","[""Long Lasting Hydration, All Day Long: With a unique blend of 2% niacinamide and 2% squalane, Dynasty Cream expertly maintains your skin's oil-moisture balance. Immerse your skin with Dynasty Cream. Specially formulated to address dry skin, this Korean moisturizer reigns supreme in hydrating your face."", ""Radiant Dewy Complexion: Dynasty Cream stands out with its luxuriously dense and firm texture, a hallmark of Beauty of Joseon's creams. This proprietary texture offers more than just moisture; it delivers a dewy, radiant finish to your skin."", ""All-in-One Solution: Dynasty Cream isn't just any moisturizer \u2013 it's your complete skincare solution. Packed with multiple benefits, it balances oil and moisture, protects from external elements, and enhances your skin's radiance. Experience the power of an all-in-one cream that simplifies your skincare routine while delivering remarkable results."", ""Double Moisturizer: Revel in the dual-action benefits of our Dynasty Cream. This facial moisturizer not only hydrates your facial skin, but also extends its nurturing touch to your delicate eye area."", ""Great Gift: Perfect for grand parents, moms, dads, girlfriends and boyfriends as a birthday gift and event for special occasions. Present your loved ones with this dynasty cream korean skincare.""]","{""Product Dimensions"": ""2.52 x 2.17 x 2.56 inches; 6.38 ounces"", ""Item model number"": ""8809525249565"", ""Manufacturer"": ""COSMECCA KOREA CO.,LTD."", ""ASIN"": ""B08WJQ3XJD"", ""Best Sellers Rank"": ""#1,240 in Beauty & Personal Care (See Top 100 in Beauty & Personal Care)\n#37 in Face Moisturizers"", ""Customer Reviews"": ""4.5\n(3,879)""}",[],"[""https://m.media-amazon.com/images/I/31tPYYXIJrL.jpg"", ""https://m.media-amazon.com/images/I/41VsLIGyoAL.jpg"", ""https://m.media-amazon.com/images/I/41ysRx+98nL.jpg"", ""https://m.media-amazon.com/images/I/41VSwqtBcDL.jpg"", ""https://m.media-amazon.com/images/I/41WgHYzWw0L.jpg"", ""https://m.media-amazon.com/images/I/419i6abTBCL.jpg"", ""https://m.media-amazon.com/images/I/41z4YYy9obL.jpg""]",,2025-04-15 17:43:32
B0CVKM5MMH,https://www.amazon.com/dp/B0CVKM5MMH,"Beauty of Joseon Dynasty Cream Hydrating Face Moisturizer for Dry, Sensitive Skin, Korean Skincare for Men and Women 100ml, 3.38 fl.oz",16.99,4.5,3879,"About this item
Long Lasting Hydration, All Day Long: With a unique blend of 2% niacinamide and 2% squalane, Dynasty Cream expertly maintains your skin's oil-moisture balance. Immerse your skin with Dynasty Cream. Specially formulated to address dry and acne prone skin, this Korean moisturizer reigns supreme in hydrating your face.
Radiant Dewy Complexion: Dynasty Cream stands out with its luxuriously dense and firm texture, a hallmark of Beauty of Joseon's creams. This proprietary texture offers more than just moisture; it delivers a dewy, radiant finish to your skin.
All-in-One Solution: Dynasty Cream isn't just any moisturizer – it's your complete skincare solution. Packed with multiple benefits, it balances oil and moisture, protects from external elements, and enhances your skin's radiance. Experience the power of an all-in-one cream that simplifies your skincare routine while delivering remarkable results.
Double Repair Brilliance: Revel in the dual-action benefits of our Dynasty Cream. This facial moisturizer not only repairs and rejuvenates your facial skin, but also extends its nurturing touch to your delicate eye area.
Great Gift: Perfect for grand parents, moms, dads, girlfriends and boyfriends as a birthday gift and event for special occasions. Present your loved ones with this dynasty cream korean skincare.","[""Long Lasting Hydration, All Day Long: With a unique blend of 2% niacinamide and 2% squalane, Dynasty Cream expertly maintains your skin's oil-moisture balance. Immerse your skin with Dynasty Cream. Specially formulated to address dry and acne prone skin, this Korean moisturizer reigns supreme in hydrating your face."", ""Radiant Dewy Complexion: Dynasty Cream stands out with its luxuriously dense and firm texture, a hallmark of Beauty of Joseon's creams. This proprietary texture offers more than just moisture; it delivers a dewy, radiant finish to your skin."", ""All-in-One Solution: Dynasty Cream isn't just any moisturizer \u2013 it's your complete skincare solution. Packed with multiple benefits, it balances oil and moisture, protects from external elements, and enhances your skin's radiance. Experience the power of an all-in-one cream that simplifies your skincare routine while delivering remarkable results."", ""Double Repair Brilliance: Revel in the dual-action benefits of our Dynasty Cream. This facial moisturizer not only repairs and rejuvenates your facial skin, but also extends its nurturing touch to your delicate eye area."", ""Great Gift: Perfect for grand parents, moms, dads, girlfriends and boyfriends as a birthday gift and event for special occasions. Present your loved ones with this dynasty cream korean skincare.""]","{""Product Dimensions"": ""1.59 x 1.59 x 7.05 inches; 3.53 ounces"", ""Manufacturer"": ""COSMECCA KOREA CO.,LTD."", ""ASIN"": ""B0CVKM5MMH"", ""Best Sellers Rank"": ""#1,194 in Beauty & Personal Care (See Top 100 in Beauty & Personal Care)\n#33 in Face Moisturizers"", ""Customer Reviews"": ""4.5\n(3,879)""}",[],"[""https://m.media-amazon.com/images/I/216hbl72uVL.jpg"", ""https://m.media-amazon.com/images/I/41VsLIGyoAL.jpg"", ""https://m.media-amazon.com/images/I/41ysRx+98nL.jpg"", ""https://m.media-amazon.com/images/I/41VSwqtBcDL.jpg"", ""https://m.media-amazon.com/images/I/41WgHYzWw0L.jpg"", ""https://m.media-amazon.com/images/I/417Do2MFfnL.jpg"", ""https://m.media-amazon.com/images/I/31GG2ujjYTL.jpg""]",,2025-04-15 17:44:29
B08RLZ28QK,https://www.amazon.com/dp/B08RLZ28QK,"Beauty of Joseon Ginseng Essence Water Hydrating Face Toner for Dry, Dull Skin. Korean Moisturizing Skin Care for Men and Women 150ml, 5 fl.oz",1849.0,4.6,4518,"About this item
Skin Harmony: Whether you're dealing with oily or dry skin, this ginseng essence water serves as a gentle astringent, toner, and hydrating solution, leaving your face feeling revitalized and glowing.
K-Beauty Essential: Elevate your personal care routine with Beauty of Joseon, where traditional Korean skincare meets modern beauty. A perfect fusion of toner, moisturizer, and essence, making it the best in Korean skincare.
Key Ingredients: Ginseng Water 80% for moisturizing and energizing the skin with full nutrition. Niacinamide 2% for Niacinamide 2% for skin barrier, tone up, pore closing. BHA 0.5% for exfoliating
[Ginseng hydration] Ginseng is a vital herbal ingredient that has been used for a long time for our body and skin health. It contains 80% of ginseng water and focuses on the benefits of ginseng itself, giving sufficient moisture and nutrition to the skin. It fills moisture and nutrition firmly to help keep your skin moisturized for a long period of time.
Great Gift: Perfect for grand parents, moms, dads, girlfriends and boyfriends as a birthday gift and event for special occasions. Present your loved ones with this ginseng essence water korean skincare.","[""Skin Harmony: Whether you're dealing with oily or dry skin, this ginseng essence water serves as a gentle astringent, toner, and hydrating solution, leaving your face feeling revitalized and glowing."", ""K-Beauty Essential: Elevate your personal care routine with Beauty of Joseon, where traditional Korean skincare meets modern beauty. A perfect fusion of toner, moisturizer, and essence, making it the best in Korean skincare."", ""Key Ingredients: Ginseng Water 80% for moisturizing and energizing the skin with full nutrition. Niacinamide 2% for Niacinamide 2% for skin barrier, tone up, pore closing. BHA 0.5% for exfoliating"", ""[Ginseng hydration] Ginseng is a vital herbal ingredient that has been used for a long time for our body and skin health. It contains 80% of ginseng water and focuses on the benefits of ginseng itself, giving sufficient moisture and nutrition to the skin. It fills moisture and nutrition firmly to help keep your skin moisturized for a long period of time."", ""Great Gift: Perfect for grand parents, moms, dads, girlfriends and boyfriends as a birthday gift and event for special occasions. Present your loved ones with this ginseng essence water korean skincare.""]","{""Product Dimensions"": ""1.97 x 1.97 x 6.69 inches; 9.17 ounces"", ""Item model number"": ""8809738310960"", ""Date First Available"": ""February 24, 2021"", ""ASIN"": ""B08RLZ28QK"", ""Best Sellers Rank"": ""#4,723 in Beauty & Personal Care (See Top 100 in Beauty & Personal Care)\n#41 in Facial Toners & Astringents"", ""Customer Reviews"": ""4.6\n(4,518)""}",[],"[""https://m.media-amazon.com/images/I/31cACBPN64L.jpg"", ""https://m.media-amazon.com/images/I/21-7hM83rCL.jpg"", ""https://m.media-amazon.com/images/I/31WRLaO9v+L.jpg"", ""https://m.media-amazon.com/images/I/315xllMVQ7L.jpg"", ""https://m.media-amazon.com/images/I/41OBEDk3rKL.jpg"", ""https://m.media-amazon.com/images/I/41drQ4TJGNL.jpg"", ""https://m.media-amazon.com/images/I/51kL67UzT8L.jpg""]",,2025-04-15 17:45:27
B0BJPKX14D,https://www.amazon.com/dp/B0BJPKX14D,"Beauty of Joseon Red Bean Pore Refreshing Mask Mud Cream Hydrating Wash Off Pack, Pore Cleansing Exfoliator, Korean Skin Care for Men and Women 140ml, 4.73 fl.oz",18.99,4.5,2408,"About this item
Pore Cleansing Excellence: Immerse your face in the deeply cleansing and hydrating power of red bean with our Beauty of Joseon Pore Refreshing Mask. This clay mask effortlessly removes dead skin cells, banishes blackheads, and leaves your skin feeling silky-smooth.
Gentle Exfoliation: Say goodbye to dullness as our mask acts as a gentle exfoliator, revealing a fresher and more youthful complexion beneath the surface.
""Skin-Revitalizing Red Bean: Harness the centuries-old Korean beauty secret of red bean for a pore-minimizing experience. This mask is formulated to purify and hydrate your skin, giving you a radiant glow. ""
[Kaolin] Kaolin absorbs sebum, and red bean extract and red bean powder help with exfoliating and clear skin texture.
Great Gift: Perfect for grand parents, moms, dads, girlfriends and boyfriends as a birthday gift and event for special occasions. Present your loved ones with this ginseng cleansing oil korean skincare.","[""Pore Cleansing Excellence: Immerse your face in the deeply cleansing and hydrating power of red bean with our Beauty of Joseon Pore Refreshing Mask. This clay mask effortlessly removes dead skin cells, banishes blackheads, and leaves your skin feeling silky-smooth."", ""Gentle Exfoliation: Say goodbye to dullness as our mask acts as a gentle exfoliator, revealing a fresher and more youthful complexion beneath the surface."", ""\""Skin-Revitalizing Red Bean: Harness the centuries-old Korean beauty secret of red bean for a pore-minimizing experience. This mask is formulated to purify and hydrate your skin, giving you a radiant glow. \"""", ""[Kaolin] Kaolin absorbs sebum, and red bean extract and red bean powder help with exfoliating and clear skin texture."", ""Great Gift: Perfect for grand parents, moms, dads, girlfriends and boyfriends as a birthday gift and event for special occasions. Present your loved ones with this ginseng cleansing oil korean skincare.""]","{""Product Dimensions"": ""2.95 x 2.95 x 2.7 inches; 8.47 ounces"", ""Item model number"": ""8809738316986"", ""Manufacturer"": ""Beauty of Joseon"", ""ASIN"": ""B0BJPKX14D"", ""Best Sellers Rank"": ""#4,317 in Beauty & Personal Care (See Top 100 in Beauty & Personal Care)\n#36 in Facial Masks"", ""Customer Reviews"": ""4.5\n(2,408)""}",[],"[""https://m.media-amazon.com/images/I/41K4QPHsv-L.jpg"", ""https://m.media-amazon.com/images/I/41515ral07L.jpg"", ""https://m.media-amazon.com/images/I/41C7aBcEoDL.jpg"", ""https://m.media-amazon.com/images/I/41s8E0sPtkL.jpg"", ""https://m.media-amazon.com/images/I/41s8E0sPtkL.jpg"", ""https://m.media-amazon.com/images/I/4104C97lm4L.jpg"", ""https://m.media-amazon.com/images/I/61Mlt81dZYL.jpg""]",,2025-04-15 17:46:34
B0BJPJGG13,https://www.amazon.com/dp/B0BJPJGG13,"Beauty of Joseon Red Bean Water Gel Hydrating Peptide Hydro Boost Moisturizer for Acne Prone Dry Skin, Korean Skin Care for Men and Women, 100ml, 3.38 fl.oz",18.99,4.5,1895,"About this item
Strong Moisturizer: Immerse your skin in the luxurious hydration it craves. The Beauty of Joseon Red Bean Water Gel stands as a formidable moisturizer, providing an intense boost of hydration that lasts.
Deep Hydration for All Skin Types: Tailored for dry, sensitive, tanned, and irritated skin, this gel is a hydrating haven. Pamper your skin with a formula that understands its unique needs, leaving it feeling nourished and revitalized.
Minimizes Oiliness: Say farewell to unwanted oiliness as this gel features the extraordinary benefits of 'red bean,' renowned for its abundance of saponins. This natural ingredient helps absorb sebum, ensuring your skin stays beautifully matte and balanced.
Wrinkle-Improving Peptides: Infused with 'peptides,' this skincare marvel goes beyond hydration to target wrinkles. Revel in the age-defying properties of peptides as they work their magic, leaving your skin looking smoother and more youthful.
Great Gift: Perfect for grand parents, moms, dads, girlfriends and boyfriends as a birthday gift and event for special occasions. Present your loved ones with this ginseng cleansing oil korean skincare.","[""Strong Moisturizer: Immerse your skin in the luxurious hydration it craves. The Beauty of Joseon Red Bean Water Gel stands as a formidable moisturizer, providing an intense boost of hydration that lasts."", ""Deep Hydration for All Skin Types: Tailored for dry, sensitive, tanned, and irritated skin, this gel is a hydrating haven. Pamper your skin with a formula that understands its unique needs, leaving it feeling nourished and revitalized."", ""Minimizes Oiliness: Say farewell to unwanted oiliness as this gel features the extraordinary benefits of 'red bean,' renowned for its abundance of saponins. This natural ingredient helps absorb sebum, ensuring your skin stays beautifully matte and balanced."", ""Wrinkle-Improving Peptides: Infused with 'peptides,' this skincare marvel goes beyond hydration to target wrinkles. Revel in the age-defying properties of peptides as they work their magic, leaving your skin looking smoother and more youthful."", ""Great Gift: Perfect for grand parents, moms, dads, girlfriends and boyfriends as a birthday gift and event for special occasions. Present your loved ones with this ginseng cleansing oil korean skincare.""]","{""Product Dimensions"": ""1.81 x 1.85 x 6.06 inches; 4.97 ounces"", ""Item model number"": ""8809738316993"", ""Manufacturer"": ""Beauty of Joseon"", ""ASIN"": ""B0BJPJGG13"", ""Best Sellers Rank"": ""#4,068 in Beauty & Personal Care (See Top 100 in Beauty & Personal Care)\n#126 in Face Moisturizers"", ""Customer Reviews"": ""4.5\n(1,895)""}",[],"[""https://m.media-amazon.com/images/I/31I3Fyzxm9L.jpg"", ""https://m.media-amazon.com/images/I/5139Z5IHHOL.jpg"", ""https://m.media-amazon.com/images/I/31StTsPWFBL.jpg""]",,2025-04-15 17:47:30
B0B45M89LX,https://www.amazon.com/dp/B0B45M89LX,Beauty of Joseon Ginseng Cleansing Oil,18.0,4.4,2922,"About this item
Waterproof Makeup Remover: Experience the ease of removing waterproof makeup without any hassle. This oil-based cleanser effortlessly melts away even the most stubborn makeup, revealing a clean and radiant face.
Deep Pore Cleansing: Immerse your skin in the natural goodness of ginseng, known for its powerful cleansing properties. This cleansing oil reaches deep into pores, eliminating impurities for a revitalized complexion.
Double Cleansing Power: Elevate your skincare routine with the double cleansing technique – the first step towards healthier, clearer skin. Begin with Beauty of Joseon Ginseng Cleansing Oil for a comprehensive clean.
Great Gift: Perfect for grand parents, moms, dads, girlfriends and boyfriends as a birthday gift and event for special occasions. Present your loved ones with this ginseng cleansing oil korean skincare.
Suitable for All Skin Types: Our Ginseng Cleansing Oil is designed for all skin types, offering a revitalizing cleanse that leaves your skin refreshed, no matter your skin type.","[""Waterproof Makeup Remover: Experience the ease of removing waterproof makeup without any hassle. This oil-based cleanser effortlessly melts away even the most stubborn makeup, revealing a clean and radiant face."", ""Deep Pore Cleansing: Immerse your skin in the natural goodness of ginseng, known for its powerful cleansing properties. This cleansing oil reaches deep into pores, eliminating impurities for a revitalized complexion."", ""Double Cleansing Power: Elevate your skincare routine with the double cleansing technique \u2013 the first step towards healthier, clearer skin. Begin with Beauty of Joseon Ginseng Cleansing Oil for a comprehensive clean."", ""Great Gift: Perfect for grand parents, moms, dads, girlfriends and boyfriends as a birthday gift and event for special occasions. Present your loved ones with this ginseng cleansing oil korean skincare."", ""Suitable for All Skin Types: Our Ginseng Cleansing Oil is designed for all skin types, offering a revitalizing cleanse that leaves your skin refreshed, no matter your skin type.""]","{""Product Dimensions"": ""2.05 x 6.61 x 7.4 inches; 9.14 ounces"", ""Item model number"": ""JSMC01-OC"", ""Manufacturer"": ""GOODAI GLOBAL INC."", ""ASIN"": ""B0B45M89LX"", ""Best Sellers Rank"": ""#3,598 in Beauty & Personal Care (See Top 100 in Beauty & Personal Care)\n#4 in Makeup Cleansing Oils"", ""Customer Reviews"": ""4.4\n(2,922)""}",[],"[""https://m.media-amazon.com/images/I/315YerQ3O3L.jpg"", ""https://m.media-amazon.com/images/I/219juaZ-3eL.jpg"", ""https://m.media-amazon.com/images/I/31HZbSlGP+L.jpg"", ""https://m.media-amazon.com/images/I/31zusLVUpOL.jpg"", ""https://m.media-amazon.com/images/I/41DdsnAbWIL.jpg"", ""https://m.media-amazon.com/images/I/41tHSG8wWpL.jpg"", ""https://m.media-amazon.com/images/I/41a-SGWb--L.jpg""]",,2025-04-15 17:48:25
B0B3R661JP,https://www.amazon.com/dp/B0B3R661JP,"Beauty of Joseon Radiance Cleansing Balm Makeup, Sunscreen, Pore Cleanser for Sensitive Acne Skin. Korean Skincare for Men and Women 100ml, 3.38 fl.oz",15.99,4.6,1233,"Thorough and Gentle Cleansing: Immerse your skin in the Beauty of Joseon Radiance Cleansing Balm for a melt-away experience that effortlessly removes makeup, sunscreen, and dirt. This balm cleanser ensures a deep cleanse without any irritation, leaving your face feeling refreshed and rejuvenated.
Hydration Infusion: Unlike traditional cleanser balm, our balm doesn't strip your skin of its natural moisture. The ultra-hydrating formula keeps your skin moist and hydrated, promoting a healthy and radiant complexion.
No Residue, No Smudging: Revel in the clean sensation as this balm leaves no residue behind. Say goodbye to smudging and hello to a pristine canvas for your skincare routine.
Solid balm texture: It has solid sherbet texture that melts to remove all traces of makeup and impurities at once without stinging eyes
Great Gift: Perfect for grand parents, moms, dads, girlfriends and boyfriends as a birthday gift and event for special occasions. Present your loved ones with this ginseng cleansing oil korean skincare.","[""Thorough and Gentle Cleansing: Immerse your skin in the Beauty of Joseon Radiance Cleansing Balm for a melt-away experience that effortlessly removes makeup, sunscreen, and dirt. This balm cleanser ensures a deep cleanse without any irritation, leaving your face feeling refreshed and rejuvenated."", ""Hydration Infusion: Unlike traditional cleanser balm, our balm doesn't strip your skin of its natural moisture. The ultra-hydrating formula keeps your skin moist and hydrated, promoting a healthy and radiant complexion."", ""No Residue, No Smudging: Revel in the clean sensation as this balm leaves no residue behind. Say goodbye to smudging and hello to a pristine canvas for your skincare routine."", ""Solid balm texture: It has solid sherbet texture that melts to remove all traces of makeup and impurities at once without stinging eyes"", ""Great Gift: Perfect for grand parents, moms, dads, girlfriends and boyfriends as a birthday gift and event for special occasions. Present your loved ones with this ginseng cleansing oil korean skincare.""]","{""Product Dimensions"": ""2.72 x 1.97 x 2.72 inches; 5.64 ounces"", ""Item model number"": ""8809606851663"", ""Manufacturer"": ""Beauty of Joseon"", ""ASIN"": ""B0B3R661JP"", ""Best Sellers Rank"": ""#6,279 in Beauty & Personal Care (See Top 100 in Beauty & Personal Care)\n#112 in Facial Cleansing Washes"", ""Customer Reviews"": ""4.6\n(1,233)""}",[],"[""https://m.media-amazon.com/images/I/21LlYko7rpL.jpg"", ""https://m.media-amazon.com/images/I/41z1B+I+-3L.jpg"", ""https://m.media-amazon.com/images/I/51W9X87kutL.jpg"", ""https://m.media-amazon.com/images/I/51TO3kuh0dL.jpg"", ""https://m.media-amazon.com/images/I/41lwvBZiI1L.jpg"", ""https://m.media-amazon.com/images/I/411w-NZ0a2L.jpg"", ""https://m.media-amazon.com/images/I/41THb9VVeHL.jpg""]",,2025-04-15 17:49:23
B083QCJPDD,https://www.amazon.com/dp/B083QCJPDD,[Beauty of Joseon] Centella Asiatica Calming Mask 10ea,22.42,4.6,395,"About this item
[Skin Calming] It helps soothe and regenerate the skin because it contains 15% of Centella Asiatica, which is known to be effective for skin regeneration. This sheet mask is helpful for those who cannot apply makeup due to dry skin, or for those who want to moisturize their skin due to easily irritable skin problems.
[Healthier skin] It helps maintain the natural health of the skin because it contains natural herbal ingredients such as mugwort extract, ballware extract, ginseng extract, and green tea extract.
[Centella Asiatica Extract 15%] Centella asiatica is an ingredient known to help heal wounds since the ancient times, and it helps soothe and regenerate sensitive and damaged skin.
[hyaluronic acids] There are three hyaluronic acids that can help keep your skin moist and healthy (hyaluronic acid, hydrolyzed hyaluronic acid, sodium hyaluronic acid).
1. It was produced in a safe manufacturing facility certified by GMP. 2. All product booking boxes are manufactured using FSC-certified paper. 3. This product is cruelty-free and is against animal experiments. 4. We did not use artificial fragrance and colorants, essential oil, mineral oil, etc., that may irritate sensitive skin.","[""[Skin Calming] It helps soothe and regenerate the skin because it contains 15% of Centella Asiatica, which is known to be effective for skin regeneration. This sheet mask is helpful for those who cannot apply makeup due to dry skin, or for those who want to moisturize their skin due to easily irritable skin problems."", ""[Healthier skin] It helps maintain the natural health of the skin because it contains natural herbal ingredients such as mugwort extract, ballware extract, ginseng extract, and green tea extract."", ""[Centella Asiatica Extract 15%] Centella asiatica is an ingredient known to help heal wounds since the ancient times, and it helps soothe and regenerate sensitive and damaged skin."", ""[hyaluronic acids] There are three hyaluronic acids that can help keep your skin moist and healthy (hyaluronic acid, hydrolyzed hyaluronic acid, sodium hyaluronic acid)."", ""1. It was produced in a safe manufacturing facility certified by GMP. 2. All product booking boxes are manufactured using FSC-certified paper. 3. This product is cruelty-free and is against animal experiments. 4. We did not use artificial fragrance and colorants, essential oil, mineral oil, etc., that may irritate sensitive skin.""]","{""Product Dimensions"": ""6.69 x 1.38 x 5.12 inches; 1.06 ounces"", ""Item model number"": ""JSMP01-M"", ""UPC"": ""691266703059"", ""Manufacturer"": ""Beauty of Joseon"", ""ASIN"": ""B083QCJPDD"", ""Best Sellers Rank"": ""#31,185 in Beauty & Personal Care (See Top 100 in Beauty & Personal Care)\n#322 in Facial Masks"", ""Customer Reviews"": ""4.6\n(395)""}",[],"[""https://m.media-amazon.com/images/I/31zCbwvIS2L.jpg"", ""https://m.media-amazon.com/images/I/41CYL5Glx6L.jpg"", ""https://m.media-amazon.com/images/I/41S+apOUGqL.jpg"", ""https://m.media-amazon.com/images/I/41dwO6g-IJL.jpg"", ""https://m.media-amazon.com/images/I/31K0mthwWPL.jpg"", ""https://m.media-amazon.com/images/I/41iMoTgYKiL.jpg"", ""https://m.media-amazon.com/images/I/51SWX5NQu1L.jpg""]",,2025-04-15 17:50:41
B09N8NGJ77,https://www.amazon.com/dp/B09N8NGJ77,Beauty of Joseon Low pH Rice Face and Body Cleansing Bar Soap Gentle Moisturizing Clenaser For Sensitive Skin Korean Skincare 100g,14.99,4.5,270,"About this item
Thorough Cleansing: Mild acidic cleanser that helps to cleanse the face without damaging the natural skin barrier
Hypoallergenic surfactant: Beauty of Joseon cleansing bar uses a very mild surfactant so-called 'Baby foam', which is mainly used in cleaning products for infants and toddlers.
Moisture: Contains olive oil and rice bran extract, which are good for moisturization, it doesn't tighten your skin even after cleansing
Key Ingredients: Rice bran extract and black sesame rich in amino acids and minerals for moisture and stronger skin.
Great Gift: Perfect for grand parents, moms, dads, girlfriends and boyfriends as a birthday gift and event for special occasions. Present your loved ones with this Beauty of Joseon Cleansing Bar Soap","[""Thorough Cleansing: Mild acidic cleanser that helps to cleanse the face without damaging the natural skin barrier"", ""Hypoallergenic surfactant: Beauty of Joseon cleansing bar uses a very mild surfactant so-called 'Baby foam', which is mainly used in cleaning products for infants and toddlers."", ""Moisture: Contains olive oil and rice bran extract, which are good for moisturization, it doesn't tighten your skin even after cleansing"", ""Key Ingredients: Rice bran extract and black sesame rich in amino acids and minerals for moisture and stronger skin."", ""Great Gift: Perfect for grand parents, moms, dads, girlfriends and boyfriends as a birthday gift and event for special occasions. Present your loved ones with this Beauty of Joseon Cleansing Bar Soap""]","{""Product Dimensions"": ""2.4 x 1.22 x 3.23 inches; 3.53 ounces"", ""Manufacturer"": ""Beauty of Joseon"", ""ASIN"": ""B09N8NGJ77"", ""Best Sellers Rank"": ""#28,316 in Beauty & Personal Care (See Top 100 in Beauty & Personal Care)\n#29 in Facial Cleansing Bars"", ""Customer Reviews"": ""4.5\n(270)""}",[],"[""https://m.media-amazon.com/images/I/31MQwabb8sL.jpg"", ""https://m.media-amazon.com/images/I/41kCkE6Tn0L.jpg"", ""https://m.media-amazon.com/images/I/31Hl7jTwdPL.jpg"", ""https://m.media-amazon.com/images/I/41kIBvPo3YL.jpg"", ""https://m.media-amazon.com/images/I/31rmhZcJuML.jpg""]",,2025-04-15 17:52:31
B0C43QBRHX,https://www.amazon.com/dp/B0C43QBRHX,"Beauty of Joseon Pine Grove : Body Cream (400ml, 13.5 fl.oz)",16.99,4.4,55,"About this item
Please click the Teeshell link just under the item title for the perfect present and a full range of unique Teeshell products.","[""Please click the Teeshell link just under the item title for the perfect present and a full range of unique Teeshell products.""]","{""Package Dimensions"": ""6.46 x 3.03 x 3.03 inches; 14.11 ounces"", ""Department"": ""baby-boys"", ""Manufacturer"": ""Beauty of Joseon"", ""ASIN"": ""B0C43QBRHX"", ""Best Sellers Rank"": ""#167,135 in Beauty & Personal Care (See Top 100 in Beauty & Personal Care)\n#1,616 in Body Creams"", ""Customer Reviews"": ""4.4\n(55)""}",[],"[""https://m.media-amazon.com/images/I/210eWRflUWL.jpg"", ""https://m.media-amazon.com/images/I/31rlGW7YZhL.jpg"", ""https://m.media-amazon.com/images/I/31zvtsFC+7L.jpg"", ""https://m.media-amazon.com/images/I/41gfXrNHZcL.jpg"", ""https://m.media-amazon.com/images/I/313V8vAB9YL.jpg"", ""https://m.media-amazon.com/images/I/41rkCLvI8bL.jpg"", ""https://m.media-amazon.com/images/I/51INqPeVHeL.jpg""]",,2025-04-15 17:53:51
B01CVXRAVK,https://www.amazon.com/dp/B01CVXRAVK,"[Beauty of Joseon] Pine Grove : Body Wash (400ml, 13.5 fl.oz)",14.7,4.1,66,,[],"{""Package Dimensions"": ""6.5 x 3.11 x 3.07 inches; 14.11 ounces"", ""Department"": ""baby-boys"", ""Date First Available"": ""January 6, 2016"", ""ASIN"": ""B01CVXRAVK"", ""Best Sellers Rank"": ""#103,337 in Beauty & Personal Care (See Top 100 in Beauty & Personal Care)\n#1,497 in Bath & Shower Gels"", ""Customer Reviews"": ""4.1\n(66)""}",[],"[""https://m.media-amazon.com/images/I/214EQgMcK6L.jpg"", ""https://m.media-amazon.com/images/I/41CeanE9+dL.jpg"", ""https://m.media-amazon.com/images/I/41Fma-mVFXL.jpg"", ""https://m.media-amazon.com/images/I/41QKk+98e8L.jpg"", ""https://m.media-amazon.com/images/I/31V3NC36zyL.jpg"", ""https://m.media-amazon.com/images/I/41cuWA-rVSL.jpg"", ""https://m.media-amazon.com/images/I/416+iU+Sh3L.jpg""]",,2025-04-15 17:55:07
B0B348PSL7,https://www.amazon.com/dp/B0B348PSL7,Beauty of Joseon Serum Line (Hanbang Serum Discovery Kit),1475.0,4.5,1696,The 'Hanbang discovery kit' was created for those who want to find out which of the four BOJ serums is best for their skin. This is a 10ml mini size set with 4 types of serums so that you can choose to use or layer them according to your skin type or skin issues. Experience a wonderful journey to find the right product for you before taking the plunge on a full-size bottle!,"[""[Calming Serum] This product is designed to improve easily irritated and sensitive skin. 50% of green tea water+ 30% mugwort, which is known for its soothing effect, and 5% of panthenol, which creates synergy, are blended together. Panthenol forms a moisture film on the skin surface to protect it from external stimuli."", ""[Glow Deep Serum] This product is made for skin with pigmentation. It helps equalize the skin tone by blending 68.6% of rice bran water, which is rich in amino acids and minerals and help keep dry skin moist, and 2% of arbutin, which prevent excessive production of melanin and help prevent pigmentation."", ""[Glow Serum] This product is designed to improve skin with skin problems. 59.94% of propolis extract, which helps relieve skin troubles, 2% of niacinamide, reduces skin troubles by balancing oil and moisture, and 0.5% of betaine salicylate helps remove sebum in pores are blended together."", ""[Revive Serum] This product is made for skin that has pigmentation and low elasticity. It has been formulated to help improve wrinkles and repair damaged skin by combining 3% of snail mucus filtrate that can create the most synergy with ginseng, an oriental herbal ingredient, well-known for its effectiveness""]","{""Product Dimensions"": ""3.15 x 4.72 x 1.38 inches; 3.53 ounces"", ""Item model number"": ""8809738315897"", ""Manufacturer"": ""Beauty of Joseon"", ""ASIN"": ""B0B348PSL7"", ""Best Sellers Rank"": ""#13,447 in Beauty & Personal Care (See Top 100 in Beauty & Personal Care)\n#308 in Facial Serums"", ""Customer Reviews"": ""4.5\n(1,696)""}",[],"[""https://m.media-amazon.com/images/I/31SsBXN1YRL.jpg"", ""https://m.media-amazon.com/images/I/41PhIR64WYL.jpg"", ""https://m.media-amazon.com/images/I/41yZxtQ5JrL.jpg"", ""https://m.media-amazon.com/images/I/41cH93svEYL.jpg"", ""https://m.media-amazon.com/images/I/41mbrACqVQL.jpg"", ""https://m.media-amazon.com/images/I/41-06ycbPYL.jpg"", ""https://m.media-amazon.com/images/I/41zZ24TF7wL.jpg""]",,2025-04-15 17:56:27
B01CVXRCR2,https://www.amazon.com/dp/B01CVXRCR2,"Beauty of Joseon Pine Grove : Eau De Perfume (30ml, 1fl.oz.)",15.98,3.6,40,"About this item
100% Cotton, combed and organic. 200 gsm
Cover-stitching to neckline, sleeve ends and bottom hem
Rib/elastane trim to neckline. 2 Snap poppers to shoulder opening.
Please click the Teeshell link just under the item title for the perfect present and a full range of unique Teeshell products.","[""100% Cotton, combed and organic. 200 gsm"", ""Cover-stitching to neckline, sleeve ends and bottom hem"", ""Rib/elastane trim to neckline. 2 Snap poppers to shoulder opening."", ""Please click the Teeshell link just under the item title for the perfect present and a full range of unique Teeshell products.""]","{""Package Dimensions"": ""4.65 x 3.07 x 1.22 inches; 4.97 ounces"", ""Department"": ""baby-boys"", ""Manufacturer"": ""Beauty of Joseon"", ""ASIN"": ""B01CVXRCR2"", ""Best Sellers Rank"": ""#342,059 in Beauty & Personal Care (See Top 100 in Beauty & Personal Care)\n#6,202 in Women's Eau de Parfum"", ""Customer Reviews"": ""3.6\n(40)""}",[],"[""https://m.media-amazon.com/images/I/312iORRWksL.jpg"", ""https://m.media-amazon.com/images/I/41E6dcxambL.jpg"", ""https://m.media-amazon.com/images/I/41yFmn3QHBL.jpg"", ""https://m.media-amazon.com/images/I/41CSDnkYnEL.jpg"", ""https://m.media-amazon.com/images/I/512axYG8-ML.jpg"", ""https://m.media-amazon.com/images/I/51WlqTJKviL.jpg"", ""https://m.media-amazon.com/images/I/31RFJ+VUqYL.jpg""]",,2025-04-15 17:57:21
B0D1G75VN6,https://www.amazon.com/dp/B0D1G75VN6,"Beauty of Joseon Jelloskin Massage Cream Moisturizing Face and Body Lotion for Relaxing Massage Bruise Sore Muscle Relaxation 200ml, 6.76 fl.oz (Cream Only)",18.99,4.3,22,"About this item
Luxurious Massage Cream: Indulge in a pampering skincare experience with our Beauty of Joseon Jelloskin Massage Cream, designed to moisturize and relax your skin. Pamper yourself with a spa-worthy massage experience that leaves your skin feeling soft, supple, and relaxed.
Moisturizing Formula: Infused with hydrating ingredients, this cream deeply nourishes your skin while leaving it feeling soft and supple. Combines deep moisture with a glide-on texture, perfect for a relaxing facial or full-body massage.
Relaxation and Soothing: Ease away tension and fatigue as you massage this cream into your skin, enjoying its soothing properties that help calm both body and mind. Eases tension and discomfort, making it ideal for tired muscles and achy joints.
Slow Absorbing for Massages: With its slow-absorbing formula, this cream is perfect for extended massage sessions, allowing you to fully enjoy the benefits of relaxation and muscle relief.
Great Gift: Perfect for grand parents, moms, dads, girlfriends and boyfriends as a birthday gift and event for special occasions. Present your loved ones with this Jelloskin Massage Cream","[""Luxurious Massage Cream: Indulge in a pampering skincare experience with our Beauty of Joseon Jelloskin Massage Cream, designed to moisturize and relax your skin. Pamper yourself with a spa-worthy massage experience that leaves your skin feeling soft, supple, and relaxed."", ""Moisturizing Formula: Infused with hydrating ingredients, this cream deeply nourishes your skin while leaving it feeling soft and supple. Combines deep moisture with a glide-on texture, perfect for a relaxing facial or full-body massage."", ""Relaxation and Soothing: Ease away tension and fatigue as you massage this cream into your skin, enjoying its soothing properties that help calm both body and mind. Eases tension and discomfort, making it ideal for tired muscles and achy joints."", ""Slow Absorbing for Massages: With its slow-absorbing formula, this cream is perfect for extended massage sessions, allowing you to fully enjoy the benefits of relaxation and muscle relief."", ""Great Gift: Perfect for grand parents, moms, dads, girlfriends and boyfriends as a birthday gift and event for special occasions. Present your loved ones with this Jelloskin Massage Cream""]","{""Product Dimensions"": ""10 x 5 x 5 inches; 7.05 ounces"", ""Item model number"": ""Cream Only"", ""Manufacturer"": ""Kolmar Korea Co.,Ltd."", ""ASIN"": ""B0D1G75VN6"", ""Best Sellers Rank"": ""#242,819 in Health & Household (See Top 100 in Health & Household)\n#211 in Massage Lotions\n#60,267 in Health Care Products"", ""Customer Reviews"": ""4.3\n(22)""}",[],"[""https://m.media-amazon.com/images/I/31ZeJsvLSDL.jpg"", ""https://m.media-amazon.com/images/I/51vyzIZSlXL.jpg"", ""https://m.media-amazon.com/images/I/41cZ+lR9KrL.jpg"", ""https://m.media-amazon.com/images/I/41X+K6FDROL.jpg"", ""https://m.media-amazon.com/images/I/518j1BaT8EL.jpg"", ""https://m.media-amazon.com/images/I/519FhizJCXL.jpg"", ""https://m.media-amazon.com/images/I/51mpbP1YErL.jpg""]",,2025-04-15 17:58:37
